δ_F/δ_B,LinearRange [%],u_E[GPa] ,Probe,δ_B,Temperature [C],E[GPa] ,sigmaMax,sigma0_25% , Strain Rate[%/min]
18.656716417910445,"[0.1, 0.25]",0.008160238162194527,251006-07,1.34,22,3.328864286173994,38.333333333333336,9.333333333333334,0.658144905344162
10.964912280701755,"[0.1, 0.25]",0.01298236027458432,251006-08,2.28,22,2.9841941570407533,44.93333333333334,9.333333333333334,0.7638350226755075
11.934451292341501,"[0.1009, 0.2498]",0.005405787006183685,251006-01,2.0931,22,3.3035980120055894,49.28,13.059999999999999,1.426612641351216
11.682242990654204,"[0.1, 0.25]",0.013187930626475997,251006-02,2.14,22,3.690577295617753,54.266666666666666,10.533333333333333,1.3992384853924085
12.437810945273633,"[0.1, 0.25]",0.01881734296099946,251006-03,2.01,22,3.464131621012931,51.266666666666666,10.333333333333334,2.8830121894939187
10.869565217391305,"[0.1, 0.25]",0.016667750317281755,251006-04,2.3,22,3.1517547846986798,48.0,9.0,2.891966981006064
12.56281407035176,"[0.1, 0.25]",0.03426303541612487,251006-05,1.99,22,3.87533381218115,54.4,10.066666666666666,3.8013298846365142
10.638297872340425,"[0.1, 0.25]",0.02325371739654015,251006-06,2.35,22,3.5990726515245877,56.46666666666667,10.533333333333333,4.445424087462529
